{
  "nearest_template": {
    "test_acc": 0.386,
    "train_acc": 0.36346666666666666,
    "time_s": 3.7924360999895725
  },
  "configs": [
    {
      "name": "ddpm_no_aug_cnn",
      "seeds": [
        0,
        1,
        2
      ],
      "mnist_test_accs": [
        0.7568,
        0.7371,
        0.7242
      ],
      "mnist_train_accs": [
        0.7475833333333334,
        0.72195,
        0.7164
      ],
      "mean_test_acc": 0.7393666666666666,
      "std_test_acc": 0.013405057088858533,
      "mean_train_acc": 0.7286444444444444,
      "std_train_acc": 0.013582139234039675,
      "mean_train_time_s": 4.089460999995936
    },
    {
      "name": "ddpm_full_aug_cnn",
      "seeds": [
        0,
        1,
        2
      ],
      "mnist_test_accs": [
        0.7608,
        0.7553,
        0.716
      ],
      "mnist_train_accs": [
        0.7482666666666666,
        0.7382166666666666,
        0.7055
      ],
      "mean_test_acc": 0.7440333333333333,
      "std_test_acc": 0.019949324689210818,
      "mean_train_acc": 0.730661111111111,
      "std_train_acc": 0.01825854611333659,
      "mean_train_time_s": 4.1878341333310045
    },
    {
      "name": "ddpm_proto",
      "seeds": [
        0,
        1,
        2,
        3,
        4
      ],
      "mnist_test_accs": [
        0.7932,
        0.7548,
        0.8084,
        0.7881,
        0.7807
      ],
      "mnist_train_accs": [
        0.7857666666666666,
        0.7390166666666667,
        0.8005,
        0.7816333333333333,
        0.7645333333333333
      ],
      "mean_test_acc": 0.78504,
      "std_test_acc": 0.017634806491708375,
      "mean_train_acc": 0.7742899999999999,
      "std_train_acc": 0.021033321711565724,
      "mean_train_time_s": 4.7756476999988084
    }
  ],
  "local_cnn_acc": null
}