{
  "nearest_template": {
    "test_acc": 0.386,
    "train_acc": 0.36346666666666666,
    "time_s": 3.770095500000025
  },
  "configs": [
    {
      "name": "ddpm_no_aug_cnn",
      "seeds": [
        0,
        1,
        2
      ],
      "mnist_test_accs": [
        0.7518,
        0.7241,
        0.7221
      ],
      "mnist_train_accs": [
        0.7368333333333333,
        0.7159833333333333,
        0.7098
      ],
      "mean_test_acc": 0.7326666666666667,
      "std_test_acc": 0.013553925220720736,
      "mean_train_acc": 0.7208722222222222,
      "std_train_acc": 0.011565068199934494,
      "mean_train_time_s": 4.163336199999928
    },
    {
      "name": "ddpm_full_aug_cnn",
      "seeds": [
        0,
        1,
        2
      ],
      "mnist_test_accs": [
        0.7609,
        0.7618,
        0.7373
      ],
      "mnist_train_accs": [
        0.7470833333333333,
        0.7441833333333333,
        0.72715
      ],
      "mean_test_acc": 0.7533333333333333,
      "std_test_acc": 0.011343230972209357,
      "mean_train_acc": 0.7394722222222222,
      "std_train_acc": 0.008793193214844106,
      "mean_train_time_s": 4.432215133333557
    },
    {
      "name": "ddpm_proto",
      "seeds": [
        0,
        1,
        2,
        3,
        4
      ],
      "mnist_test_accs": [
        0.7745,
        0.816,
        0.8035,
        0.7728,
        0.7873
      ],
      "mnist_train_accs": [
        0.7610333333333333,
        0.80465,
        0.78925,
        0.7649333333333334,
        0.7768
      ],
      "mean_test_acc": 0.7908200000000001,
      "std_test_acc": 0.016722846647625498,
      "mean_train_acc": 0.7793333333333334,
      "std_train_acc": 0.01604955866475253,
      "mean_train_time_s": 4.919098839999788
    }
  ],
  "local_cnn_acc": null
}