{
  "nearest_template": {
    "test_acc": 0.386,
    "train_acc": 0.36346666666666666,
    "time_s": 3.3683858000003966
  },
  "configs": [
    {
      "name": "ddpm_no_aug_cnn",
      "seeds": [
        0,
        1,
        2
      ],
      "mnist_test_accs": [
        0.7263,
        0.733,
        0.7058
      ],
      "mnist_train_accs": [
        0.7158333333333333,
        0.7186666666666667,
        0.6943666666666667
      ],
      "mean_test_acc": 0.7216999999999999,
      "std_test_acc": 0.011570940612874416,
      "mean_train_acc": 0.7096222222222223,
      "std_train_acc": 0.010849145156061087,
      "mean_train_time_s": 29.389419566666522
    },
    {
      "name": "ddpm_full_aug_cnn",
      "seeds": [
        0,
        1,
        2
      ],
      "mnist_test_accs": [
        0.7052,
        0.69,
        0.6564
      ],
      "mnist_train_accs": [
        0.69955,
        0.6811833333333334,
        0.6429333333333334
      ],
      "mean_test_acc": 0.6838666666666667,
      "std_test_acc": 0.020389103843856313,
      "mean_train_acc": 0.6745555555555556,
      "std_train_acc": 0.023583996195369637,
      "mean_train_time_s": 30.356294633333164
    },
    {
      "name": "ddpm_proto",
      "seeds": [
        0,
        1,
        2,
        3,
        4
      ],
      "mnist_test_accs": [
        0.7143,
        0.7375,
        0.7544,
        0.7157,
        0.7633
      ],
      "mnist_train_accs": [
        0.70515,
        0.7246666666666667,
        0.7436,
        0.70445,
        0.7520166666666667
      ],
      "mean_test_acc": 0.73704,
      "std_test_acc": 0.019817527595540244,
      "mean_train_acc": 0.7259766666666667,
      "std_train_acc": 0.019429498192181895,
      "mean_train_time_s": 36.74563425999986
    }
  ],
  "local_cnn_acc": null
}