{
  "nearest_template": {
    "test_acc": 0.386,
    "train_acc": 0.36346666666666666,
    "time_s": 3.7394441000005827
  },
  "configs": [
    {
      "name": "ddpm_no_aug_cnn",
      "seeds": [
        0,
        1,
        2
      ],
      "mnist_test_accs": [
        0.7547,
        0.7183,
        0.6706
      ],
      "mnist_train_accs": [
        0.74625,
        0.7011333333333334,
        0.6548
      ],
      "mean_test_acc": 0.7145333333333334,
      "std_test_acc": 0.034436834284753255,
      "mean_train_acc": 0.7007277777777778,
      "std_train_acc": 0.03733540751513213,
      "mean_train_time_s": 2.855197266666437
    },
    {
      "name": "ddpm_full_aug_cnn",
      "seeds": [
        0,
        1,
        2
      ],
      "mnist_test_accs": [
        0.7026,
        0.7094,
        0.6491
      ],
      "mnist_train_accs": [
        0.6933,
        0.6985,
        0.6392166666666667
      ],
      "mean_test_acc": 0.6870333333333333,
      "std_test_acc": 0.02696619282649213,
      "mean_train_acc": 0.6770055555555555,
      "std_train_acc": 0.026804975814110753,
      "mean_train_time_s": 2.9998855000000426
    },
    {
      "name": "ddpm_proto",
      "seeds": [
        0,
        1,
        2,
        3,
        4
      ],
      "mnist_test_accs": [
        0.7559,
        0.7672,
        0.7513,
        0.7605,
        0.7936
      ],
      "mnist_train_accs": [
        0.7458,
        0.754,
        0.7440166666666667,
        0.7431166666666666,
        0.7850666666666667
      ],
      "mean_test_acc": 0.7657,
      "std_test_acc": 0.014907045314213004,
      "mean_train_acc": 0.7544,
      "std_train_acc": 0.01580943810934891,
      "mean_train_time_s": 3.313485740000033
    }
  ],
  "local_cnn_acc": null
}