{
  "nearest_template": {
    "test_acc": 0.386,
    "train_acc": 0.36346666666666666,
    "time_s": 3.5986908999984735
  },
  "configs": [
    {
      "name": "no_aug_cnn",
      "seeds": [
        0,
        1,
        2
      ],
      "mnist_test_accs": [
        0.5101,
        0.5356,
        0.4902
      ],
      "mnist_train_accs": [
        0.5081166666666667,
        0.5310333333333334,
        0.4825333333333333
      ],
      "mean_test_acc": 0.5119666666666667,
      "std_test_acc": 0.018581412456777552,
      "mean_train_acc": 0.5072277777777777,
      "std_train_acc": 0.019810015860545455,
      "mean_train_time_s": 30.801233066666708
    },
    {
      "name": "full_aug_cnn",
      "seeds": [
        0,
        1,
        2
      ],
      "mnist_test_accs": [
        0.6703,
        0.6636,
        0.6219
      ],
      "mnist_train_accs": [
        0.6568333333333334,
        0.6493166666666667,
        0.6033666666666667
      ],
      "mean_test_acc": 0.6519333333333334,
      "std_test_acc": 0.021412197977373128,
      "mean_train_acc": 0.6365055555555555,
      "std_train_acc": 0.023632809637409262,
      "mean_train_time_s": 31.404775500000444
    },
    {
      "name": "proto",
      "seeds": [
        0,
        1,
        2
      ],
      "mnist_test_accs": [
        0.8213,
        0.7635,
        0.7533
      ],
      "mnist_train_accs": [
        0.8019833333333334,
        0.7502333333333333,
        0.7321833333333333
      ],
      "mean_test_acc": 0.7793666666666667,
      "std_test_acc": 0.029942314910878617,
      "mean_train_acc": 0.7614666666666667,
      "std_train_acc": 0.029582098565780587,
      "mean_train_time_s": 31.230729666665866
    }
  ],
  "local_cnn_acc": 0.9911
}