{
  "depths": [
    1,
    2,
    3,
    4,
    6,
    8
  ],
  "seeds": 3,
  "clean": {
    "1": 0.9700000000000001,
    "2": 0.9830333333333333,
    "3": 0.9905666666666667,
    "4": 0.9912,
    "6": 0.9923333333333334,
    "8": 0.9926666666666667
  },
  "shift4": {
    "1": 0.6226333333333334,
    "2": 0.7837,
    "3": 0.9149333333333334,
    "4": 0.9550333333333333,
    "6": 0.9781666666666666,
    "8": 0.9845666666666667
  },
  "linear_probe_by_block": [
    0.9681,
    0.981,
    0.9878,
    0.9912,
    0.9937,
    0.9946,
    0.9949,
    0.9952
  ],
  "clean_knee": 4,
  "linear_separability_knee": 4
}