{
  "seeds": 3,
  "shifts": [
    0,
    1,
    2,
    3,
    4
  ],
  "angles": [
    0,
    5,
    10,
    15,
    20
  ],
  "variant7_base_rate": 0.5729571984435797,
  "accuracy": {
    "mlp": [
      0.9808333333333333,
      0.0014383632673594213
    ],
    "simplecnn": [
      0.9911666666666666,
      0.00023570226039554222
    ],
    "recordM3": [
      0.9946666666666667,
      0.00020548046676565794
    ]
  },
  "robust_translate": {
    "mlp": [
      [
        0.9808333333333333,
        0.0014383632673594213
      ],
      [
        0.9661666666666667,
        0.0010274023338281877
      ],
      [
        0.8797333333333334,
        0.008491695289451255
      ],
      [
        0.6430666666666668,
        0.012174928701593665
      ],
      [
        0.3965666666666667,
        0.023592983891167492
      ]
    ],
    "simplecnn": [
      [
        0.9911666666666666,
        0.00023570226039554222
      ],
      [
        0.9878666666666667,
        0.0010498677165348771
      ],
      [
        0.9686333333333333,
        0.004834827355299814
      ],
      [
        0.8912666666666667,
        0.020221495713445344
      ],
      [
        0.7172999999999999,
        0.01111875292767431
      ]
    ],
    "recordM3": [
      [
        0.9946666666666667,
        0.00020548046676565794
      ],
      [
        0.9934666666666668,
        0.0010873004286866914
      ],
      [
        0.9875666666666666,
        0.0018517259216441378
      ],
      [
        0.9582,
        0.012175658777522767
      ],
      [
        0.8581666666666666,
        0.023462641700276572
      ]
    ]
  },
  "robust_rotate": {
    "mlp": [
      [
        0.9808333333333333,
        0.0014383632673594213
      ],
      [
        0.9752000000000001,
        0.0004966554808583755
      ],
      [
        0.9628,
        0.0020215505600075247
      ],
      [
        0.9310999999999999,
        0.00310161248385414
      ],
      [
        0.8711333333333333,
        0.0036527006751473864
      ]
    ],
    "simplecnn": [
      [
        0.9911666666666666,
        0.00023570226039554222
      ],
      [
        0.9875333333333334,
        0.0007586537784494233
      ],
      [
        0.9828666666666667,
        0.0016048537489614097
      ],
      [
        0.9650666666666666,
        0.00262339898266012
      ],
      [
        0.9339999999999998,
        0.005943624034767578
      ]
    ],
    "recordM3": [
      [
        0.9946666666666667,
        0.00020548046676565794
      ],
      [
        0.9927333333333334,
        0.0006599663291074613
      ],
      [
        0.9852666666666666,
        0.00369173250505627
      ],
      [
        0.9750666666666667,
        0.006909092238171028
      ],
      [
        0.9529333333333333,
        0.009076832536126704
      ]
    ]
  },
  "variant7_probe": {
    "mlp": [
      0.8005558112969499,
      0.0059989816032034095
    ],
    "simplecnn": [
      0.7921078205718377,
      0.0201699958615124
    ],
    "recordM3": [
      0.7986083879388569,
      0.01121043183405267
    ]
  },
  "pairwise_disagreement": {
    "mlp_vs_simplecnn": 0.0175,
    "mlp_vs_recordM3": 0.0179,
    "simplecnn_vs_recordM3": 0.0095
  }
}